,PCA1,PCA2,PCA3,PCA4,PCA5,PCA6,PCA7,PCA8,PCA9,PCA10,PCA11
0,-7.877109962776892,2.8234213866676745,-1.0424166721547439,4.015803751605838,0.4283172931501655,-0.8897150533209737,-1.2241727719777242,-0.7352851215282162,0.2700977859537236,0.7200014360502246,1.0404773981911524
1,-8.49626925528325,5.384156250510466,1.508943922691993,3.38613540148314,1.267629656605536,-0.27206189450914225,-1.649925418517056,0.05940516339866949,0.8640466819969382,0.5059576669425234,1.2704087886471842
2,-10.190505433031717,7.1259036390151245,0.8545993652986887,3.936767109650139,0.8136985695762039,3.2109922816373544,0.7908487459057284,0.9297481132332712,2.7521218687482505,0.8376024391530039,-2.1034398663686193
3,-11.097790056491707,6.040883827244868,0.49158981707144345,5.3643094205641075,0.4649066942300323,0.7093067595936033,1.0873484316495539,0.4385079626828622,1.9923512842361604,0.9081962535963783,-2.1554348143737183
4,-10.044649865407807,3.6750737358351655,1.2290485093622037,6.202445127412073,0.10010818324431785,-0.15229960438665208,-2.2011635477468094,0.9062013020804104,0.27456903388834486,1.7953253117018726,-0.5174550883456099
5,-9.718850422493315,4.057147062264257,0.8328831199215131,6.25451634678062,-0.6968378121668087,0.4475023596127624,-0.5897104296902316,1.3517628598737992,-0.5393489170149193,1.4404986207391441,-0.6647300026655493
6,-10.38569270314597,3.180014253748242,-0.8230414494943326,6.054838361531293,-0.4526595591999937,-0.8687236371875985,-0.5415765914608912,2.046971914002578,0.371999178542497,0.7164848780838864,-1.0887189818659275
7,-10.143321526678866,-0.07087401950694044,0.8906610487635185,2.455167840963616,3.6007545077033645,-4.0294847055951335,1.0306179421331232,0.07657403123197201,0.11029605970210578,2.5335957151068538,-1.8912543911413318
8,-9.88432833917808,1.9092279536149623,3.477572425871075,1.1937937033777002,1.3591743020360452,-2.026998897651986,-0.5917669858798559,0.44631845947908727,-0.8659943042092557,1.8425086323917939,0.4194946128534096
9,-12.300663491066164,3.3096417847234654,3.0005851009131703,4.484077157938343,0.3037587326407104,3.004932578268503,1.829643734122522,1.728278459589616,-1.4292552688643203,6.538331921710743,-1.4380879590509428
10,-11.504287622746006,3.644643788010778,-0.5154324327525397,5.010838347136791,0.5663270547634562,2.5969738924327532,0.5943137511905956,0.9251261946978834,-0.2776648346229251,5.265028547006269,-1.2412191488408368
11,-10.772605364885722,1.2780618484824147,-0.98884965388606,5.045989436369428,1.7594303104927778,0.7028336722989011,0.6552015785515234,2.2080915056021135,-1.5149733230934228,8.328100144680176,-2.1415992143866776
12,-9.392203468594566,-3.7670268869250703,-0.5770595696699298,2.9053156298836647,4.253486578570998,-2.9751127692247445,-1.5410031500484502,-0.6289297404918082,-0.9355186775672364,3.2029604808032066,-1.4573333074968458
13,-8.27533715778792,-0.4233380319526388,2.091050229636615,1.2416757155870142,2.941444402816059,-1.581556468965967,-0.6039371791032165,-2.39168584840869,-0.6844024109071761,2.4411121214416274,1.6346089044064391
14,-9.18932121999669,2.2807256156069027,-1.6287142957636975,2.0571900160032768,1.5250850284864719,0.8676131490361226,-0.6498453584468095,0.17402830026644486,0.7870460943396064,1.8924965804533236,0.7575878904965839
15,-9.178466936782513,-0.6427116975356578,-4.666681516401309,-0.2045477336019823,1.6194239434865862,-0.5778885632526432,0.9384810717622087,0.1980317180959082,-0.14653491165880825,1.0185894051735915,3.0582920767800283
16,-9.666456771236382,-1.9793163615279505,0.10218221488755345,-1.013548916161409,0.9210634231167174,-1.8237097132137352,-1.3339021599991323,-3.0790405048340808,0.9593963546159789,1.079026919566903,-0.37221218640269405
17,-10.704806700615897,3.1442364857618843,1.9857653897966208,-0.6199146113482641,-1.6535827495984112,0.8041829593411909,0.4163889374756401,-1.5064665314195274,-1.0970116120435631,0.6359849978860503,1.4299168220282816
18,-11.571898980579721,3.4382157848323107,-0.11103343338409129,-2.8204144639596898,-1.9152572680798803,0.7196918428476831,-0.5490881859260265,0.9863199723564531,-0.670321025529063,0.40901036327643026,1.2616321834642727
19,-10.41990841224838,5.966875217556953,2.4210350379987613,-2.882808087152032,-1.4942258005767588,-0.8720797971989301,0.5366578505028268,-1.025404820490062,-0.7523482150756416,-0.09113541456503146,0.5028372822670367
20,-11.634799828569447,5.773367200245757,2.3267636763813324,-0.8809751299617848,-1.4499306691308553,0.251744982335724,1.401767443635993,-0.10349347417728759,-0.031723206027580074,-0.08521509147278324,2.197793752227517
21,-13.221756903017244,0.6547358577078322,-0.31632582852155944,-2.7682396018669877,-0.14406852401153775,0.7878050845559348,0.3174723526648953,0.3078486024180699,-0.4823013715365285,0.13770842183457782,0.9734464873809703
22,-12.85809997834041,-1.4478116368603429,3.2772329784744474,-3.5801726240932097,0.3158277054040723,4.010625295881104,4.877490033803471,0.9801692733196183,-1.5628003063516327,3.014679183365075,-1.5687663400013458
23,-12.335192355138146,1.6574353175292118,1.9459047313374256,-0.9578142721836146,-0.33030618128508354,4.086367948308038,3.058815317456916,0.07645426357588207,-1.6976372605885244,0.5941776925753848,0.47018927436999713
24,-12.218440505226747,2.2339255591821603,0.2034257002199188,0.3166095780496098,1.6448744531645514,3.2208713420669732,3.341966646997496,0.8351365030397011,-0.9758502773422447,0.2232495963573471,-1.2060061778862368
25,-11.497455669926481,-1.3986848865284254,-1.0154897542123509,0.6107923741411845,2.0175984484179756,0.5726129923668981,0.7041596330286968,2.1949639034401893,-1.1623353598511224,1.901306584826197,-0.4915844542084902
26,-11.144354892302285,-5.432236919480372,-0.6466697152276947,-2.7323004696278153,3.8476045671494314,-0.5207306434425121,1.5622506445079523,-0.5156687917865043,-0.007302831191366235,0.4909258866556329,-0.5401810318892506
27,-10.660437497025216,-3.4337150980127094,2.587026521433349,-2.4340297291711512,3.769646027632875,-1.591612743643645,3.7742194527066966,-2.0564324547258828,-0.08270195810268227,0.8605663541420449,-0.9562489580068995
28,-11.042944713907808,-0.6539009493761184,0.4349984665238905,-3.9452572445529404,1.3356032817589316,1.512446813414427,1.6186394803941757,0.1588815720045318,-1.1115154850856845,1.7338582248519177,0.7299922872623826
29,-12.223548327262376,-1.9919982621454484,1.443554791209302,-3.745512744378879,2.0096088660237545,1.673064052620979,2.7625253768373685,-1.3674212899626166,0.07467460494006602,0.2962116693953679,-1.4620357668763415
30,-13.225980232042716,-2.5166387688003846,2.0378335557053555,-6.583389288246236,-0.38275753586702793,5.185539084930716,6.931471086839005,-0.7352113197509971,0.9153581834815703,4.92969994895647,-2.974291206031437
31,-12.570722107005285,-6.634591737324366,3.9912489758352723,-6.34256688527702,-0.47206452813950317,5.6174471765636245,13.0344799556733,-0.18770658488371456,4.908588398687326,7.695204477695071,-4.323755152469935
32,-10.753052030744769,-5.135974984468601,3.9967967093400754,-0.6409079362531841,0.8358759952830648,0.5851402058690434,4.695743987074769,-3.100699215138611,1.570679311648731,-0.01791363824658514,-1.015276126876908
33,-9.037304781589247,2.0004329395190474,5.08977640164686,0.7912409914418103,0.14009158058954188,-2.6473648546606596,2.1075131499962168,-2.4196890156510036,0.6960526361703255,1.1369609212629124,1.6028020609417815
34,-10.85133727346306,4.634195104802008,-2.6839431395189224,1.9471341891850895,1.5589378323492817,-0.0967301669862001,0.9691619550992271,2.2122564945801773,0.6516989273912426,1.8831884085382546,2.006788790490549
35,-10.03715556896284,4.594600136484327,-2.789416071045024,3.7191541986569012,0.26126017635024473,1.434148350182184,1.718142685056981,0.9827893349719452,-1.1234095523318142,1.0576312924100724,0.9860927868405179
36,-9.235789068988094,3.4714924056216594,-4.191131421621344,2.146188948709651,1.9076965980318608,0.5166969531453055,0.2652449285687003,1.8608646033053222,-0.5398946928822641,1.108060007519644,-0.26529737766492895
37,-8.279404637970481,0.7574389229049855,-3.017571649415371,0.49032737001933424,2.394168089590224,-3.2840171204526163,0.4830291680700551,1.5331411366578995,-0.7849172235639276,2.589118758971405,0.8245075474381806
38,-7.746730100899492,-0.7962441457043715,-4.834846388595416,0.42692409372492085,3.1456964896235,-0.6213633479399033,-0.48358765881724025,2.3319082726339895,-0.5686898355304395,1.577507448561675,0.9243458806916994
39,-6.654863496265942,-1.643770372774398,-4.726546990969984,-1.8023097124386012,3.921330119729983,-3.3715402432571007,-0.4998220115831519,1.1461615536231322,0.1675317030025538,1.5948938451235761,-0.045050877623000814
40,-8.858609241480481,-7.033402177971352,-2.76769314347858,-1.6568577596082126,4.332662975824346,-1.9218848194064386,-1.793166173416445,-0.35047844103628806,2.3525187112050747,-1.2684580728568402,-3.9952330190360112
41,-7.472901754280012,1.5777821315572256,3.634894892693535,1.2240679385042128,1.961433123811298,-2.1108015465198346,0.1670303046546065,-1.0039214602353135,-1.1024371470716998,0.17493996306456616,1.3382475041613
42,-8.300304900542923,6.283511885225723,0.1297736875411031,3.7569915721962017,0.3956532186957954,0.5427849874087521,-0.17833333767666543,0.7264958730280889,1.655507236932303,0.09359217819666282,0.36195760242137226
43,-6.064214191124794,7.732425819870862,-1.918462262730787,2.70075218058465,0.9763643514229783,0.9792124635601845,-0.537247950524292,0.2264819970807187,1.0525915159746346,0.1840863105308408,0.16007225772589392
44,-3.9675957210006145,9.203002035797121,-2.003589323953682,0.521833786168193,-0.4976343299582734,-0.909216375545307,1.3373876885655145,0.28189874704035783,0.8474495148266381,-0.7674842924382884,-0.5499799546933863
45,-2.4801680215095425,9.501743279854065,-2.594412506719729,-1.543269366304221,-0.9043232678395559,-3.0812142464156973,2.1702858241812746,0.43993307184059727,1.1508408848021172,-0.8211081664567125,-0.6500136023340878
46,-2.7519197462392664,6.969324196669128,-3.7123796339153987,-0.9030839545062291,-0.5505817271673593,-0.1062411542688852,1.1979586465428955,0.18590535629933244,-0.3976982772090585,-0.15254912776087712,0.9614281470739339
47,-2.0386155493989118,6.428826672012144,-4.688036773786523,-1.8907462190430049,0.6481130026945686,-0.55855768922285,1.800707681511322,-0.29348706822408327,-0.3784027305611013,-0.3112523951160515,0.16147691762964392
48,-2.4992292250920793,5.056185430079474,-5.239976401319087,-3.0049868876000136,-1.21762655357789,-0.5901573307564875,1.64840110427307,-0.19089828890202926,-0.4694940460669869,-0.08991141180906062,1.367069660197574
49,-3.796612203913433,3.670708032874164,-3.938233835256533,-0.16076244468939221,0.09341406811517451,-0.08214416129565175,0.6579381062307438,-2.306482081039543,-0.013057845349717994,0.3671512653795813,1.996756060303734
50,-4.077879073808946,4.0250009650238425,-1.4132591408063497,1.3777494409070135,-0.02176326383298441,-0.07065934104546641,-0.4303265133844058,0.453844421136372,-0.2910923981471912,0.6862751375137097,1.3739726901951612
51,-4.441613556595864,4.60348793524178,-2.617571327553382,2.899459626207907,-0.10752397988894165,-0.314455642921034,1.3423162328587424,-0.02978489741946981,0.14323669167066755,-0.14357585541100543,0.06488640611984088
52,-5.235863007039698,5.0136990346906,0.8372199509365432,4.939998577338695,-0.5423251085507638,1.5063192327551846,0.1895694637455253,1.4118692453330115,1.449501645383494,-0.17673994733439757,-1.9684232248404367
53,-4.572181366292203,10.069580522175237,-3.511851741075777,-0.5529964645859098,1.0548979988356393,-0.3014703933621849,0.4637358655882248,0.6640733406713564,3.7993514007024705,-0.7314504882697653,-2.490330393919829
54,-2.9558399164368367,11.106401625207566,-1.3054874842484065,-0.7026958136344729,0.5754885096869281,-1.6030760646050957,1.25254833386282,2.268856079254411,2.3937177264457676,-0.6067218374170876,-2.8118871910412047
55,-1.6425390638930526,10.434667916528655,-0.7721757518208328,-0.05893828498302609,-0.11052070546502867,-1.548336255599656,0.8443213874189984,1.3608002153093168,1.5013898599867967,-0.7968400575172435,-2.1240999532854694
56,-0.7759443154315422,8.557806998634318,-0.5086527068576493,0.4993918610712017,-0.7937236328081473,-0.5521369346776613,0.6797080825682595,0.7274191791421959,1.2396305196710955,-0.5538043627824352,-1.5310006653482489
57,-0.02791770698190379,8.412661234392429,-2.2194932874409585,-2.307647008230145,-0.8047161385521628,-1.7304825318651962,2.1262679024411386,-0.5928279563162436,0.9337282990205853,-0.49066518660571873,-0.9606303435637014
58,-2.295907657806224,2.8502665136074414,-3.9745691838766963,-1.2702628188421963,1.7658065984611109,1.1422254971195107,-1.7145205549269604,-2.762655247379956,0.017372406716395082,0.16141412098710664,1.16772072545885
59,-5.376283180456782,-0.4956330405640052,0.7549280314006442,2.6809547587995564,1.364142407636291,1.0060382448666587,-1.815167023402521,-1.7673288223282142,-0.6175802841275836,0.9834556231599794,0.47840264380927827
60,-5.1738201810651505,-0.11206641540354627,-0.5031252008592532,1.9206462545883758,1.511295556317652,0.7343432109348808,-0.8419638727697302,0.9670468567279551,-1.1885373379611575,0.49759732897390063,0.26416777878731496
61,-4.4719778663503735,-2.5954630569440544,-6.168277663367266,-0.22595972251715568,2.872063632246034,-0.7031017239747361,-0.05066899894090872,1.4695013752029211,-0.9406179439733163,0.4777016651253423,0.9529218678485845
62,-4.616959137104095,-5.4154160960223665,-3.196763903521624,-4.270522004900996,5.442714228580299,-2.7015720188000794,-0.628893654718184,-0.10652791170951312,2.0754794314820995,-0.020310564549519114,0.8522557822601932
63,-5.360131564385996,-1.3919794790151971,-1.3107514502999846,-2.465313315840352,2.653789479625149,-1.3985250864098568,0.6694587417958472,-0.06749425518983641,0.32455347093709613,-0.20753519796834363,1.2630605596542022
64,-6.033535605086472,-3.852807210128394,-4.0123548869380645,-4.012872266993959,0.49502239126378267,1.0861197261261677,-1.2592772750270007,2.5250445770075074,1.6015748591434238,0.3054596941726321,-0.4036473621309013
65,-4.71604518782704,-5.7498882148595545,-1.9368992873011341,-2.5683882931493707,5.129004516013435,-3.0388125059930675,0.7355056972027879,1.9456067880795267,2.621895389125198,-0.9650956179161342,0.5665428015116896
66,-3.7073825141940895,-1.0236829461291452,-1.285681275993106,-0.5582763451491695,3.1476156873508434,-1.518431161117254,-0.5505532674199793,-0.28569689617780536,1.1965341016833058,0.30942313453895104,1.9123855720902465
67,-4.767087214690462,-2.280635646659499,-3.0398946388767696,1.576154711950393,4.4645414059262825,-2.5485890888883933,-1.5875859285080711,0.6015263032133688,2.0327936989020503,-0.013579906790752624,0.5988270333888764
68,-4.707302685765066,-2.137308452796591,-0.7466068749157059,-0.08125100887869731,5.74352870429988,-1.644235377080891,-2.431486877723521,-1.3928379232346475,0.3221702946301426,-0.1146443520842928,-0.49289253824098117
69,-6.268836714372365,2.0940944665200902,2.2974541942466757,0.04458240641580784,5.291874602882487,-2.09529431494359,-1.2260370314642652,-0.8704482754680847,-0.4957255774488932,0.8201242421813838,-0.07232392281118848
70,-6.028893653614728,1.5969842969472612,-3.447526108031983,-1.7674981953344318,5.042563611488834,1.3939817141644602,-0.7735489256811158,2.339075010829976,1.3215505975115405,-0.44778687540611584,0.8603626816241118
71,-6.428705282001174,-2.2156487303807273,-2.51019464804869,-0.21132211959493952,5.253333908642589,-2.1082274047411946,-0.0309080478755138,-0.0564641748639725,0.4971633997859302,-0.11989742095333873,0.1626672107701799
72,-6.731457631213834,-3.2948369919103,-1.395673353295771,0.724406732486222,5.755879710257817,-2.5576182561796563,-1.4303789552166235,0.03591187423366619,0.9729856050486407,0.17264091972054066,-1.2051208046295654
73,-5.598071039428818,-4.816546688692931,-1.937544262406555,2.976418639974831,6.301952134178661,-2.8618776827330343,-0.6406620871381086,-1.7059867005102496,1.7514801250214118,-0.662418923179618,-0.9732074123718257
74,-3.747918967410809,-2.8665522302539137,-4.446704708284513,0.22051175780688606,4.175674204133389,-0.36077053335028975,-0.02649156313541946,0.972750489754331,-0.34145147070535775,-0.6680506774737953,1.062392175784193
75,-3.084094577192119,-2.5851927470148848,-2.5765635408058323,-2.495944375554823,4.180083397904234,-2.510413926873344,1.6681603375522365,-1.2060852619548361,2.498944097767477,-1.1234617945731735,2.0819192984352695
76,-4.719285083442282,1.5212012184772463,2.907996857021631,-0.36224864263252055,1.7168068065005875,-1.4650516073357704,0.4624543705839818,-0.9763635685057319,0.00940397180422564,0.026701677548251247,2.76469036340233
77,-4.54171517628949,6.21373481849902,2.4394200862760704,0.35110151074342566,-0.09844134027724544,1.3800988377860852,-0.30439700260448316,0.6382652559470213,-0.30017449695959814,-0.800506690562495,1.5740739869267786
78,-3.1128790725384863,7.640634779220049,-3.4256074753593557,1.6755373294679086,1.7834689586584969,4.055924678489833,-0.20819630435132386,-1.0648121361602672,-0.17319798382787535,-0.9122027320847023,0.9948361275186179
79,-0.7981477828434703,8.208556810261527,-3.709350924107834,1.0299617868146633,0.43923396650644475,2.428001258559014,0.5670306919009976,-0.9407160956179659,-0.07256756613054823,-0.931952307585885,1.3763819033577236
80,0.4922358200390328,7.620751003662825,-3.474546451345791,0.3038861024926506,-0.45849276524161453,2.2625039099153996,1.1005391541714822,0.21407100389619094,0.36762485693336916,-0.9119775932851276,1.2611743893437632
81,-0.09075262917943873,5.495424443330157,-3.7545725496176665,1.0502375882552413,0.5538088335066553,3.8412821314835552,-0.6877961100125353,-4.322670040414705,-0.5910573507024142,-0.21668342577908695,1.6838208841725955
82,0.676222824451522,6.701465740901114,-2.016332314241786,-1.7220055193914052,0.5627117567447542,0.48968105370421106,0.8235509165374771,-2.7819843012805228,1.8541514571735656,-1.2393329748456037,0.9940662282049374
83,-2.1027805188199182,3.0612628182849293,2.0475308918385386,0.23241561542142364,4.131079305892318,-1.470243343944222,-0.7906310657806238,-1.2929588222723567,0.37651526777014954,-0.2343887061671735,0.6539993139590086
84,-3.477571501695483,5.51578417500526,0.8622817650878531,1.6120597340063143,2.98497024550791,2.5578987829132758,-0.45611650974247125,-0.9224867832688511,1.9167129255703177,-0.925342696773412,-0.3184880205336039
85,-3.087772057412693,5.805598825757742,2.0238280099821,3.554645530024267,1.1508645322802442,1.5606801313200398,-1.24091325975818,0.9035842281911268,0.29843471520770803,-0.29599240150668693,0.07323354398883901
86,-1.1152227540460846,6.985710971761591,-1.351915931020315,2.7394142422952816,1.273798021544921,2.8197435992772855,-0.44354151076746223,-1.1303103092138698,1.2410686604191892,-1.3937697678130951,-0.6899436132513268
87,2.284057846738767,9.017294123500674,-0.2811018408182426,-2.392718376668287,0.1990944344788775,-0.8203728043538768,0.8902094983544135,-2.3014682769109505,1.033383187459293,-1.5916866130029812,0.055905970789066416
88,2.924386261687284,6.858828428965562,-2.0441621535914454,-2.6511313269205083,0.6764897262746551,-0.18558683695611827,0.7326627327331656,-0.9731022222164302,0.2870167957740481,-0.83878332872505,0.26994156266096453
89,1.3839560569626885,5.454575360656388,-2.2059761648230225,-4.411496784309918,0.8095547449993701,1.325256032124337,-2.355122868749756,-3.1055048139332384,-0.4761232958661854,0.7751517764750847,1.7534132390695085
90,1.8446011960163822,6.454854787579923,1.038881837656578,-5.816613262344715,-0.10228358393841086,-0.5811359054846531,-2.0375368896395534,-1.1180833694187997,1.227352848486711,0.25205929830453866,0.6599132183346992
91,-0.62344530686971,-0.5605166285956864,-1.207512077077531,-2.6818992208070207,1.170779475282873,2.3866389732691182,-2.823817538517724,0.4350206359640647,1.363107593778362,0.5929916916194579,0.2806742564847245
92,-2.9934641882149515,-3.1508257850636725,2.1482586659748684,-1.475833429836225,0.20812353345604107,3.899096177053603,-0.8786744311352226,-0.5755216344786519,4.142037844340667,-0.16848428793921813,0.9016432041913686
93,-3.4126863476280573,-2.9129543729623832,4.440884758328944,-1.2597256939156167,-0.06485539800186621,4.89004583419032,-0.858523424031279,-0.5050375601919826,2.256638478208409,0.27147929029344686,1.7758654104524325
94,-2.6278506857562665,-1.705586930106648,4.9907456331250994,-3.5561848234401134,-1.3292662320722572,2.2809525358480514,-1.0644337859182884,-0.8084282496744184,-0.30532244990888063,1.1865632707465317,1.320647224186365
95,-1.90267349963735,-1.6146234331487233,1.063698087262417,-3.6637421643225623,-1.9781380860864803,3.503259192943281,-1.4562839244779775,0.2564746919426175,-1.2403021155684513,-0.12035786853783487,0.407212833077607
96,-0.24658338483191033,-0.36668094924699285,2.2674516581136217,-4.448515669708034,-0.8925812478916616,1.4545011835957253,-1.5292783761170479,0.5856962885660675,-0.7304268559815299,1.445575746160881,2.7612707165945856
97,-1.4240562840107884,-0.8122513886738529,4.079240697769328,-1.4166131080293025,-1.0260201009860843,1.5879380612413305,-1.7230214028056174,-0.16679193773903175,-1.9323304717246683,1.728399252960119,3.162150492748295
98,-1.8227336606024056,-0.7862990404534577,3.5310019812467357,-2.4711839274769876,-0.32762326195559566,1.285631851611673,-2.091880668578725,0.2935508806846512,-2.933932624117098,1.2681549436144006,3.031914087565342
99,-1.3006967341856546,1.1813751565728512,6.632536767033162,-3.684018138408281,0.4221864394772344,-4.093679218778181,-1.3195275921780498,0.5379203407097579,-0.04700845623224159,0.6661575031471627,2.62684471167141
100,-1.4283526221820084,4.256663211760508,7.482728469724151,-3.0795137386096783,2.3476268121698607,-3.0347761115264102,-0.5845238238423164,1.896582103935713,-0.8011868139078158,-0.6204769725326864,1.0809425022886627
101,-3.0046681252587013,4.34484681553064,3.968513341337827,-0.625245167587952,3.267994896102676,1.4862634749926817,-2.3979875758574067,0.8074672674997868,-1.971418871376603,-0.6085524860795868,1.6920811913762521
102,-2.5847121401173743,5.71907175993883,4.721931489398316,-1.5668442460233147,2.726102430262236,0.745867532367697,-2.231764200898891,0.20403113853934907,-0.7781957971649167,-1.4226265235566629,1.4148366528208025
103,-2.5682964634485796,4.495418983418016,5.569939793243543,-1.4328837363283649,1.4500337320223717,-0.391839048487317,-2.511663862100409,0.6908088279581321,-0.4486075829949421,-1.0186681126337251,0.9139425205190094
104,1.437683289866832,5.964053774685815,3.0707032216031993,-4.508991028049967,1.271314172007009,0.8889301747326499,-3.0459056395934474,1.0888845167857124,-0.19545537179858816,-0.9241153363772703,-0.4480726921056691
105,1.7723711994412672,4.577259791640055,-0.2296190524470815,-2.4491317751924977,1.0645739152200506,2.7800773398247443,-2.379599823986751,1.8231856769607124,0.12587313199160408,-0.1264273963456134,1.5466697947760393
106,2.568389207011743,4.093188694447769,-0.1814834807271243,-2.0047859336026836,0.3323195477614313,4.371871313485541,-3.9069383077256634,-1.5395123103085762,0.8471421047268596,1.8988488206401741,-2.0177749238844216
107,5.51583864868836,6.868839656910617,-0.39484370378682626,-5.577426250358724,-0.015268358795598088,1.128794385232777,-4.4656000578080794,1.3998066433962246,0.46924218677646445,2.2222212454277943,-0.544646957839605
108,7.077792185061886,8.747723894824714,-1.0117006530774377,-6.091285343259471,-0.8294927025418469,-0.5745935024183627,-3.0347066502532627,0.4964386683964476,1.3109759850237004,2.288380966808505,-1.8324224868730614
109,7.925459225627591,9.025228513443842,-1.1010647350815201,-6.1500424812952135,0.5550734763750274,-0.6025504757907169,-1.654764781222686,-1.209775720160144,0.8222465518093492,1.4760979395809217,-1.0739832894654313
110,6.7102178415540985,6.774460229544836,-0.40451043810187254,-6.913440913165288,-0.7706891395849514,-0.4207782970082768,-1.634420017136809,-0.9347143969814474,2.254999234281866,1.6225002771634076,-0.9775261777835265
111,6.748688080643913,3.003447813293479,0.9102183158508729,-6.9499552262094735,1.89798785253948,1.3114719984964207,-1.8998814925777667,0.9379286526714434,1.2878625214740174,1.8405912825523674,1.0105366322483609
112,3.162086957423913,-2.05479464766178,4.058749964906522,-5.95891656617647,0.361558006663088,1.967757446460074,-2.7708838969425122,4.021477492462498,-0.35653992261442435,1.9948479429440298,-0.7013152441887632
113,3.131202014851678,-3.912738175110919,-0.13812792432281298,-6.207487564314291,-0.7655360879238988,1.965977682119204,-5.536135771956799,2.876245405548944,3.298202035941061,0.9413439961426691,-1.9393932531724987
114,3.2758525029010848,-2.0882239229627917,-1.7484551346078816,-2.6419789709267856,1.5237303606649102,3.0081856391205224,-1.1695971892177006,0.6969993108487399,4.247468384668379,-1.186004156861097,0.6011735638576347
115,2.3491394124863607,-1.2995021792856682,2.958103127366262,0.8504409298317238,0.43862960127114464,1.1198022102243006,-1.539501587426908,0.19212360522779687,3.183961490350699,-0.006914286311770771,1.8021192444040142
116,0.4876824273773816,-1.469293451017948,0.7179041018000683,2.414246782471641,2.7956925521267846,0.7946265589630316,-0.850446410075433,0.7768737796412536,1.995869284726062,-0.9034220209675202,0.7353024029814471
117,-0.7808053214889136,0.8766628010984032,4.231732377082619,1.570543451390893,1.8347407074738407,1.3217643394616638,-0.3132756403857166,0.9929892496442093,-0.5247922344739785,-2.188664835121763,0.5666430604769077
118,0.5042175867682567,2.943971947879801,6.479392577753095,0.8676951297533733,0.6751764051129585,1.313952377854726,-1.6832223695996429,1.6772260780032127,-0.33952831997077804,0.3476184185371178,0.9422242496387183
119,1.137235140810006,1.8655278012128738,4.076868561087565,1.0727214191250871,0.8455261310626254,0.39664169575087244,0.27648229159454873,1.3322835968575053,0.7552287048712437,-1.6111331451718691,-0.7791923703543937
120,1.905115789718038,2.7552271254333314,-0.9629057982198119,-1.2599870422901358,0.7960884395211552,3.6209554096221375,2.0307328743626756,-2.0753868181200144,-1.36812359035469,-2.106157045133293,0.5684445795037476
121,0.885561568217695,-0.45154768027718767,-0.836079365746691,-0.2670914391083708,2.365452871436553,2.7282696091516425,-0.7079946524193144,-4.361411594796791,0.5080259282849626,-0.8536944783788155,1.570683730273843
122,-1.1447278894450026,-1.896942047453393,3.7647207042627593,0.9896730409090958,1.4362730391356764,1.3088576524571927,-0.24319505245096304,-0.718057373814649,-0.6208539333971586,0.4740085335184936,2.155046147357273
123,-1.5611829423634542,-0.9932715948994609,6.494629281525983,-0.5825244286427596,2.8921297161806625,-1.6671711656019488,0.5668544275488336,-1.6309742312768851,0.3128900929287094,-1.1853210295288317,1.3312641914153567
124,-2.1848179603211406,1.1330264346605676,6.651300851671489,-0.02504960205093296,2.9864226058205015,0.340342330882669,0.6991669751802152,0.6191087018382366,0.06049086065178777,-1.562063416119375,0.7923503656350301
125,-3.09926489624204,1.751370955681904,3.462644544233739,1.309781212376822,2.619100630048945,2.8093414827535077,0.9067235974820375,0.3264580892689681,0.3912813763016536,-2.6085296679622654,0.10765832690484285
126,-0.355222136396179,3.040724249731205,-0.30652544305634843,-2.2716424273587177,1.5375926077122977,4.081497684839476,-0.40611715787521335,-0.5277143248110464,-0.5234324760325451,-1.6413837781134002,0.01630277721454864
127,-1.7335063695153974,-4.054999605588247,0.4708641246522403,-2.8294326948300292,0.8487315516052347,3.651984318019376,-4.827479474750083,0.20083671332758765,0.39805738497507737,0.1137879913356005,-0.18096513077210244
128,0.267717767338121,-4.236536464146271,1.3970259532804288,-2.22011185229971,1.8800638999695185,1.0079548222717858,1.8015855528024083,1.9985892266561494,0.13318703035511067,-1.270006595068712,0.8598596370184711
129,0.780356000799097,-1.8649005189181902,-0.06328901748946814,0.018305581128711893,0.9289459902581219,1.9669020484083728,0.3275727809614211,-0.09400324353719883,1.2874453454772785,-2.8550019887517437,-0.6591742301931933
130,1.6815153818902573,-0.7775564347824366,2.3479402245488097,0.9829937799838805,2.4520830731734313,-2.1084581476116018,0.7195694224494694,0.028200797503373846,1.966280353499327,0.2515666417690776,1.2629479788548132
131,1.6634016397302553,4.225874965549263,6.171123853697388,1.3080818667843706,2.2769418706869993,-3.189643912310604,0.4799966571538348,-0.30185177602979074,1.6035120672361454,-0.29909497991381234,1.467655741907378
132,3.037100947211965,7.142480347953354,5.2203733839965265,-1.0725982477819864,3.0546041549929237,-2.713595244394168,0.3295053253867197,2.457473565075506,0.9844336323924139,-2.0995224851038135,-0.7790932801664534
133,2.9957256805427157,6.869357766093992,5.7928606498404625,-2.0526752114592783,5.15338710981129,-1.184227385925945,-0.33460962239069286,2.868865266634396,-0.5855374898507284,-2.733635086914886,-2.475819795395649
134,2.4532497586465776,5.3107640301231065,6.2997540336405935,-2.7322739902168425,2.867326224477705,-2.4700842693855165,-0.5285947374373491,3.4318377161176907,-0.5424053310861933,-2.203571231436581,-2.2563477556907743
135,2.2587393100444073,2.254533767397008,4.550630281190689,-1.0819600776325644,2.2869669462165794,1.6651452810071339,-1.2718331931084927,1.0017387108337186,-1.837482603798175,-1.1283020105729624,-0.07471084913330846
136,1.26217072158517,-1.322354202006081,0.8559613135298865,-0.9862658767811529,0.7143386745275034,5.900040484963427,-1.8155070935412132,-0.8634498548133106,-1.068402801191355,-1.6405542902333743,-0.700576433711759
137,1.9540169829928613,-3.3391883033434366,1.7970389130958733,-0.9570702265570634,-1.3356881010269335,2.654225419311581,0.8816862534543615,1.985688046636902,1.1180615700817065,-2.571643841597767,-0.6093345225044928
138,3.497135845264761,-3.851368782177639,3.191157278518692,0.38870109225609273,-0.40916639090571755,2.096880983815298,0.669264159432131,-0.04363479065948225,-0.9594403600927757,0.6951147664170592,0.8646964891590606
139,1.364426853471043,-5.65197539463352,4.292308237245789,4.006056016653486,-0.08208287404081106,0.31751621379238243,-1.3414943648054074,-2.3278920135223,2.576364967093361,0.8598072387563779,-1.2772529701881215
140,2.183693126233614,-3.5055373970458397,3.9987049746066368,3.271522600401564,0.7494436238526495,-0.02251947322388602,-1.2997710813780983,-2.098416512368941,1.7816654206399936,0.14693332491760724,-1.8730306596124495
141,5.275956063986324,0.695605870836533,3.987968511905039,1.4358894881721664,0.5924566216952856,0.04516524153338563,1.109606194176759,1.126511207224431,0.14658975156113713,-0.5742773726246819,-0.49724957234041706
142,5.761032764589706,2.339763786900215,1.0323179021668492,-1.9552349522779542,0.7267838099106477,-0.592554829710397,2.298514493081265,0.7987247895043216,0.4360691144016291,-0.8171122656700571,0.3148447328753179
143,6.068063971651192,1.8394974831855058,-1.0635380036195774,-2.4445224088708613,1.0141078111482078,1.154212721597406,1.5527977633958179,1.0358631309594917,0.34382588819314713,-1.021503219818418,-0.32241705111095725
144,4.841138500389176,0.9701645833471496,1.4574166560434505,0.48986760740104296,0.5612589267240454,1.4596125622669107,0.3765727167676705,-0.5080485833429117,-0.8636649433156819,-1.1526271738961642,0.5110921394292587
145,4.436604401258899,-1.2995601417442502,-0.6512162870723033,0.9798947130671699,2.4760222955428515,0.9072994414464124,0.8998535079579969,0.17949297799241995,-1.4290214374146322,0.11403291355989623,2.251993387579858
146,3.9647127017529553,-2.783114686289872,2.8646393351904096,0.6923021111052508,1.0921256801053885,-0.29149835874634766,1.028389609968857,0.5110802226558051,-1.1093829211730353,0.2134045237974936,0.2315334932631352
147,1.2995319196628397,-4.809586519264764,5.964723641174258,2.3531389007284567,2.338003313074491,-0.9839351433691765,0.18082741507392178,-3.0365554401536388,-0.9857974492001148,-2.5810769046495117,-1.2795254497716375
148,3.376777557627588,1.6727676436250274,6.935563094601389,-0.4351414487679084,0.7501594659825939,-0.598032583874991,0.10204337815273037,1.6873619766537635,-1.8188439432571644,-1.2007602128384323,1.676026259158558
149,2.8546052379028906,0.2991623517862884,-0.5919620208072954,2.8582589370130567,1.1442269454404015,0.7920123663092896,0.5257135684610602,2.7788809501830225,-0.8423385968715786,-1.5533080166832638,-1.1482880307837928
150,6.264658575356362,3.0017827390113365,1.9618983811847095,1.7061449930154777,2.1919299897733198,1.7231895079020352,-1.2830893871185158,2.837815002695613,-2.044938644256928,-0.6521614912968142,-0.4207467145139292
151,7.1187766621451525,2.2217712146143436,-0.33466130743341266,0.6819473749584667,0.2372573913179054,-0.44748984167741357,2.173365560532376,1.9330377868413686,-1.3135019382441615,-1.9331773888746506,-2.257159997814863
152,10.136502110501116,1.5692580737106518,-2.071346023536248,-2.451698204046336,1.7301430201026846,0.45683901698465934,-0.3354723449857048,1.8390388906869786,-1.548271213276094,-1.2785708461149696,-2.1165248966277836
153,7.801897364225868,-0.7743459301569359,-2.4258862917640425,0.12010980018667641,0.2376381792196583,2.5870730052753954,1.1225077389407767,-1.6732037022318076,-0.573692254056508,-0.7623357474316536,-1.574103150204595
154,9.39952934483518,-1.0053330378370224,-2.4655122884996374,-2.3411059979006543,1.0191691023928824,3.4955601406608254,-0.3195332835617293,-0.3088860359655583,-1.680521029262474,-0.2233875630130902,0.7290704589143503
155,7.383552293063846,-3.7006670853759194,-3.321816558671781,-2.2584995367954805,0.9424341008079056,3.4159221021302377,-0.5817242251618059,-0.5580405096695843,2.567931665459513,-3.076739937890695,-2.667267721139171
156,7.026396579926595,-1.701409019203521,1.5873365463239633,-0.18803713381985754,1.2529510354150035,1.044518890830699,-0.7491484865302112,0.10839824966927249,4.261225627647557,-2.673390645894945,-0.5145981896366589
157,6.650157990645351,-2.2234913290364284,-3.211714317772232,-2.135097607028684,1.07523375099785,1.2199323884804472,-0.36995546256626965,2.750816395910124,3.2547630635471676,-1.1196008129872101,1.6191813114367377
158,7.516132290553841,-0.594318539697117,-2.753325759492703,-0.44639048213574567,2.9175762236555447,-1.1164151085486576,-0.611108545327691,1.381751775272967,3.03105471809219,0.1880723406439099,1.0320245181561218
159,7.160204786763254,0.7675168398084475,-0.6056780306486496,0.7105275758109494,-1.0302780928756332,1.4548333351643365,0.31245394502474516,0.6555743337539893,3.7886997231625545,0.2888869344666029,1.631380815134122
160,7.165973860574355,-3.868362867356513,1.3366506675797032,2.150858458957502,-1.134224207658849,3.9003918111974274,-3.433336955821776,0.9284250621524386,2.4181045170349025,2.309409632975076,3.4275320426045828
161,5.493607735829211,-3.524258208323736,2.020677222811276,0.41281283239509114,-2.9115173149274973,1.8499262315087608,-0.22422271812006161,2.1627089838103637,2.8591481039932316,-0.4489282194615274,2.925047778253452
162,5.226811440145806,-4.5573246847409505,-1.220523183025823,1.5611553934132407,-0.5935975257577655,1.5281759168193587,0.7263671581050156,2.305185225334443,4.301157457620052,-1.6600912261998455,1.696901964070572
163,6.8924844274847565,-2.1099691026491585,-3.6317779649187107,-0.24931993750263934,-0.1893271471900296,-0.3240697656939809,3.089086199092241,0.4909814072856805,1.0727092840703172,-0.5012554209937736,4.158478717594475
164,9.693566511499224,0.2920198443689698,-1.2067691870444734,-0.6428272373949832,-0.9258724536638288,2.0132171719203207,0.9852791987551394,0.002650813374891598,1.903855954746735,0.24734745344715445,1.7212211350397328
165,8.949436325380775,-2.28005394501366,1.0439149559983152,2.3968228110338528,0.9328955062454012,1.8841650631765954,-1.5132893886825136,-0.9984269041543992,1.2512960311571535,0.7171080832054434,1.291955100844965
166,8.936433108563337,0.2118593789895035,0.7697095884229466,1.3895318892862976,-1.1937622348480084,-0.09261269464998494,0.41217682153185875,0.47431805729805987,1.7612260862902025,0.2672312423458101,1.7495170043298962
167,10.450076662688089,2.2570697430548665,2.0330595048046125,-1.0499172711779405,-0.09778473050657428,-0.027735646811432226,0.6441592642591065,0.20310084705988976,-0.11236947962985817,-0.0960105173336584,0.7812166327639434
168,10.519951749496325,-0.4674610837356067,-0.09598256281283639,-0.5989407452319873,-0.10789359755536555,2.6363471053817102,1.328154164087004,1.3723301539712414,-1.289491407081954,-1.441788591581401,0.5013838188210922
169,9.367358413911123,-4.62466074126781,-1.9382871439713374,-0.20809998461730553,1.8501764584891607,1.4106310609014314,0.2528050672865131,2.567666698135475,-0.7311353513982486,-2.723655308360329,-1.8185280085097137
170,7.824908946785666,-3.456563302001087,0.8440964987648265,1.9650331805611512,-0.9947262278302536,0.8829343757212844,-0.6633546764062317,-1.5061929836616408,2.5179925073667886,0.9284093477468462,-0.23206455789849684
171,9.250098754438051,1.0144500992820993,3.2846030083880158,0.19193493017077587,0.36243285809240294,-0.599674712762409,-0.6224353641141811,-1.1410054305706894,1.3034692880964769,0.4519501802683055,1.2129448398308642
172,8.312523748425704,-0.19956027513429916,6.811618654058864,-0.6919640875727563,-0.7059637288832609,-2.3859397824011794,-0.7214334083331185,-0.6115989919568675,-0.01888159313982311,1.0921770703393014,-0.4242073337265255
173,10.178051210956873,0.5988327225617883,3.4813403348121765,-0.5298123353318581,-0.08549092567454247,0.1532503786518407,-0.3584209697286079,4.222897957041285,-3.1502774797275426,1.016013929442675,0.4593263775637589
174,12.12179968144462,0.4454991481367408,-1.6552538576812101,-1.2407678031039735,-1.1787120830765285,2.0715110308795657,-1.4785879318045039,2.1560591026662723,-2.1191217367070476,1.6094303394736247,-0.8026002418837577
175,12.616557150323116,0.29023697684113553,-4.641388332489047,0.08855336596558033,-2.249485162428748,-0.05201068439896365,2.140175421296717,2.1629809445025843,-1.2735617478732575,0.8289470236975922,0.7439980053195915
176,13.278828025286655,1.383933181951348,-4.523669130937391,0.08221309089136278,-1.92715075927086,-0.8037425137029607,1.804720335594851,-1.1408150121790357,-1.0902613475018454,0.6624187503084161,0.9213304294881682
177,13.623870317757529,2.254366919200899,-0.8680835902974897,-1.7856698420895891,0.117419805274677,-1.6014576221549612,0.9498797245821554,-1.60572508605284,-1.0983489071999355,0.8787973985662896,0.44397002325912815
178,13.545049050805371,4.058297439711335,-1.141750889213406,-2.74192197088857,0.775402826989365,-0.12946165840520238,0.37168359176743004,-1.7198443446380172,-0.8927945035118575,0.9757552205395882,-0.3620120139779904
179,14.358364599872942,3.6957586952840753,-2.5793527287858415,-3.529494012580228,-0.47901639227999626,-1.8690898177021944,2.430093009190929,-0.7644657065216615,-1.2693601498571023,0.5004544903908781,-1.1897968192041994
180,14.333452027336072,1.2654472687536074,-2.91305421747362,-2.232300604259009,0.43017219488512576,-0.7647002218311387,0.6391793124985788,-1.547171379385564,-0.9076601698276515,1.4170724260720964,-0.007877938836479585
181,12.71431846759873,-0.142268366585582,-0.6242545168457931,-0.42189866841872653,1.0317323373536746,-1.683188940488736,0.662180286230139,-1.3479054595260407,1.2437214085919608,1.1389431213400052,1.39739150263496
182,11.002791630441697,1.3506260235398708,1.781265622962816,-0.7053283915391793,0.9425240470221163,-2.567138960309179,1.483499821270928,-1.4842853952878077,0.458481544482725,0.8378755067969148,1.2463916656711511
183,9.88807776436712,2.3408303919170126,0.5043738772901896,0.21046169111932733,2.160991822201548,-2.540593268948939,0.5106316200694806,-0.9953105201041604,-0.03344171144315357,0.5692175774640311,1.0272834557449009
184,10.769260809068774,2.855429281064032,0.08271191963980327,-2.556156640678266,0.8543914197053913,-1.324950169752393,2.4396615077638404,-1.499166131804757,-0.7873253651128217,0.19172018416365508,0.4270577683555347
185,11.41288410398886,1.2079089171242838,-0.5696154507694559,-1.3050830766761787,2.343488959680469,0.24225275280839287,0.9086349129177939,-1.362517945481355,-1.4883256003209004,1.4372084153569966,1.0112543298813905
186,10.37054571486196,-1.8456797407108083,-1.632258493061387,-0.09137521075582815,0.9243939506953255,0.6655833695183786,1.4488989446677067,-1.227355134407378,0.3241788187554795,0.6837784557386994,1.0803936391277296
187,8.381848307208019,-1.9413233318399836,2.0954434307302456,1.4089934035194716,1.3965275688354302,-0.19651596996588033,1.6932689433268813,-0.09410980860133263,-0.8940306250933321,0.6601928406222229,1.965558995838741
188,5.920118072955451,-1.39787279666182,3.274002713942917,1.9977608341286677,1.001449457671683,0.18539803307773023,0.12970513184293636,-0.9426582853237153,-1.190553046104063,0.3628054395692061,0.7161193121034414
189,7.644164644618062,0.4209871546474523,2.5955584569191608,0.10573333437988551,1.3509597949658299,-0.8569366668448706,1.9647280371187672,1.6560512898786799,-2.126443276979225,0.04491685475725711,1.691485414912428
190,7.828061753098346,1.7793791488488835,0.2201916731091503,0.8328628855314024,2.3676067405605337,3.782108901807487,-0.37551305529006207,-0.20387075942193245,-2.2716690928647316,-0.5874608291813938,-1.063840983282015
191,8.354868291370275,-1.0186587978121655,1.3418408448727983,2.0836251575527767,1.5039777530791043,1.5852446655336925,-1.318185861722771,-0.1771890793679427,-1.7474551527403157,0.7922419972256494,-0.8449507440251911
192,8.01644904509207,-2.720663500514545,1.5065635397832964,2.0503377670444864,2.3788210505041376,0.8058818769965024,-1.1530467158101751,-1.2096034281127193,-0.5409319484203341,0.8603926290806934,-2.50165906940476
193,7.06660744103993,-1.8672919448562966,2.5396666601057767,3.3463217968650554,1.426470690654786,1.6119572244570688,-0.6910852624356991,-0.8385980205647791,-0.9691041050456681,0.6616298300240298,-1.4581930131312244
194,6.824158052795557,-1.3058705894093074,1.3754178797205088,3.0273815656332435,1.194814752304408,2.7624127630223705,-1.19104888527096,0.15355477269091866,-0.75363039518992,-0.40074786644067306,-1.3149714949996547
195,6.338966115670474,-0.9040890384109519,0.34625283316021466,2.666737085376688,0.7768240964254127,1.5572718406698576,1.578696442092274,-1.6302043117991794,-0.6190251224994887,-0.4161069829613863,0.07404942812647958
196,7.813710847251024,0.9468482197308933,1.141445199384508,1.132758348016449,0.817323355819878,2.1111094724944865,0.849499320551868,-3.258793180489055,-0.8751554427260557,0.7559396904468423,-0.7273004331941696
197,9.680165789218679,0.756731618917631,0.3852093056226552,-0.7942999021889072,0.7166800171182078,1.693438341286193,0.5940469253330676,-2.119745880778002,-1.2669830952756602,0.7281350101666577,0.4942118011959925
198,9.295576318778284,-1.6598500695671767,-0.8935207149817447,0.7728352488177802,1.1282618281486951,1.9434461956688749,0.2780890959924631,1.360352495642454,-0.8822610927220561,0.7112377556724201,0.14145994914297133
199,9.560794576504035,-2.3652240095757557,-2.6657096414519446,1.3563619435899326,-0.5623580006475385,1.4009858026310156,2.392601829643856,2.3541837128949283,-0.5855956867197187,0.34468281950623025,1.4799587716980398
200,10.934454831464809,-2.8438884157288853,-2.682502517442521,1.5252950117716084,2.461467752931513,1.0191147134440597,-0.9283236420025793,-1.0715649621519532,1.6617445169393534,-0.9166809791992898,-2.6492241801909455
201,10.276890091674982,-1.1545886995185357,-0.10584208558072189,3.1496468668315414,-1.1884959354724307,-1.2525164240108067,2.1685134167654656,-0.21921503113105067,0.8984326130382146,0.6686738151911392,-0.25312221561497417
202,12.665476570126254,1.3754027454740547,-0.5357217179640483,1.2647011885406194,0.20615979067653964,-0.08848320230960484,1.1450997149612945,1.0794517885454467,-0.5071585955242219,0.6735732727699821,0.29752460594966823
203,14.547980703756428,2.78676644797844,-1.3316798809587411,-2.6780353826351204,-1.006127845468763,-2.1668699799990203,1.5091421722535536,-1.195923663478182,-2.1722641922453683,1.1851847425553812,-2.4475731589381575
204,16.797001452096637,1.944515480723302,-1.8317615867209192,-2.5271476581012897,-0.31699771274706173,-1.0103029543388242,0.9677220408165189,0.6740751411950398,-2.217978546385924,0.9917107124318907,-2.7371697605887135
205,17.287734814018414,0.5794422676617339,0.23806823436730565,-2.2695538756624902,0.5342744873883454,-0.6943114457351165,-0.2546414593752544,0.9259739339844515,-1.667524564429624,1.7831272305079207,-2.2217017868415723
206,14.740306481333993,-3.1837687715983805,-0.6005922931562662,-1.1193794754854232,0.6281041172851642,2.8477440529408957,-2.853527475404583,2.012962810203501,0.24374287604298744,2.5713558030296944,1.0820438687528071
207,9.723307997631837,-6.818834791385118,2.80277229254527,1.2965320577668888,-0.21810891516406883,3.7669128357244244,-2.275852442435873,-1.8514784120727001,-0.12026453277306044,0.4958752016395501,-0.3505870571620028
208,6.708664774859156,-8.49190934992575,6.824020957863016,4.729785071925797,0.5784751861626718,0.43732568784733417,-1.2717171054916767,-3.2535800402220394,-1.1975113116553684,1.288749966804781,-1.844205942176549
209,10.519939828396483,-0.617431788124045,4.663687573397637,-0.6819279816872282,-0.4212143876079379,-1.4545984471056725,1.1573188641319934,0.9449835954922807,-2.118764373399069,-0.7033892536323085,-0.5022285824300581
210,10.057349546602772,-1.4577105716014622,0.06737833155556838,-0.48822413585052493,-0.02721304415497516,-1.2021128521857096,1.2665757487927851,2.417316036637353,-0.6318259523314772,-1.0583544003351606,0.6194592015132557
211,8.355749411165084,-2.024906467572818,0.6530015642806661,1.6878196073704317,-0.12001804480922931,-0.8494681219635052,0.3120118921564981,1.3666563039054564,0.3979773247453165,0.8755421665274228,0.7741980838433971
212,10.090345924515244,-0.23942652015575638,0.8230823577924549,0.9112580075341442,0.7379397515090808,1.0076567857556091,0.22871700267108008,0.07693642508457901,-0.20620177603829629,0.5141677981773746,-0.06016246967685767
213,8.865552324330938,-2.7343501158380676,3.6888860658183615,2.384186498185731,1.958232743666906,-0.03888235538613176,-0.2546823140055086,-1.570771076718846,-2.139986371507211,-0.2712668080905626,-1.736352179109913
214,8.187171557007876,-1.5056542052300603,1.807884410733941,3.3046754625257444,0.912300687733119,2.010347909841172,0.5577081551536273,0.24228287024117165,-1.8136524008646315,-0.16835739100845376,-1.1393183195294752
215,9.587706901644092,0.7089367422849939,-1.3065255254580863,0.4805238189438234,-0.38735555565136426,1.5165832517735631,2.7424571038076757,1.0811073201519963,-2.196551164379095,-1.3331094530813303,-0.261771944943075
216,9.872580020281932,-2.463613184851227,-1.6922255410704037,1.4797765743277476,0.8745837318930305,0.4293528553379242,0.940560797178076,1.0637392911492,0.47812444313828034,0.653064510652539,-0.4380059909060203
217,8.887641629399715,-3.6869745485188385,-1.226777704482937,1.8098544034805013,-0.4811204688220238,-0.3023025548910259,0.5977648366412885,0.33646366224005797,0.44657595432767283,1.166942709245891,0.42457951115461945
218,8.55859376101702,-4.794683857440525,1.3052478302101649,0.0258416934711473,-1.7711219894702122,-1.5253129057883126,-2.020319535410086,-0.3552915780631034,2.9719144433447577,2.915299729993595,0.05994285679187136
219,9.09991950161515,-2.3753101278318094,0.9121600403436393,0.4138156538603627,-0.7473021029435463,-1.463856363138658,1.7371914401274562,0.4108846682956821,-2.0776976799514153,0.7692325209666163,1.491708772035331
220,9.29471990939515,-4.78564543040014,-3.8801047418935775,0.7235976646698633,0.5850329012200101,2.0836525471349474,0.2218231319704861,-1.8668132893249436,-0.820142591452061,1.3116185551496433,0.16051479614130715
221,9.654070484615556,-3.823818700680148,-3.017630843003212,0.4814303361616722,1.0567295136711605,-4.730679406348043,1.743911866100304,2.5646363301552326,1.265708019249284,0.5618550236346564,2.0745430283056265
222,9.057941645880772,-2.881051748781505,-1.5560808628719573,0.438660496377755,-1.144559904499758,-1.3923516487411527,1.0876307272762047,0.1443129610116713,2.6232450050600087,0.6688295185044084,0.8352126016917452
223,7.441911519750871,-3.242582812405013,0.42803754624497825,3.037415468478988,-1.171988663186721,-1.3104497898913847,0.4479846861248348,-0.8207007414043239,2.695461931864984,0.6372585406841793,1.5819511972301228
224,6.979411092205893,-2.1703598008934426,3.2917143362910344,2.138932509908242,1.4364473240691347,-1.7742298245342563,-0.265043985152789,-1.646486043163566,1.357396213775178,-0.26987616316854524,0.5035320594531525
225,6.715464473693669,-0.4118406563983831,-0.2917387885713474,1.2852749098301728,1.2552187905277798,0.7438988088876721,1.7482036529668785,2.370051242633681,-2.3573493356695847,-0.9429651654062242,1.6265840587817113
226,6.011874295254982,-1.5288448835962534,-0.7496688588845931,1.8909130987662899,1.689741928384961,0.6510275418470567,-1.3183628400325902,-0.68450438918543,-1.3233653142167134,-0.5956675257963158,-1.6149962142445946
227,7.004356218766161,-1.489163018531655,-2.115289594793975,1.9977272423033607,-0.04565158033167638,1.2603363141967288,1.9934997728591153,1.5346294346457445,-0.8038124189736543,-0.3609573171737107,1.046694574007953
228,5.913690483656414,-5.557414733461894,-3.4245089295807642,3.0864082379851228,1.0038107269246035,0.6260688128622806,0.041983926568562126,0.5340338813467409,1.4214358312062734,-1.3503431925843032,-1.9265591747061135
229,8.40771680690212,-5.026439336443223,-4.640627519636877,1.5537221715002987,1.5678417607995863,1.735726845589778,0.5935153272542828,-4.932149996425375,1.238017769190697,-0.006065155534641732,-0.20382349275789136
230,8.500534597152987,-1.6584361356188524,1.3623496418435401,1.5661325089069476,-1.011625535805879,-2.6647547771679942,-0.7526367959613084,-0.8611994652979978,3.2897948261577654,1.8908326883572357,0.95134379089405
231,7.887062013217537,-0.017456638490293334,3.226624181934528,2.3279680428314946,-2.275164725389776,-2.562694377512908,-0.8956973124226103,-1.5523368059466474,3.503142696945608,1.9490802239423914,0.3549395866703309
232,8.151993476603733,2.4131972347977078,3.359445365260589,0.3736091960204981,-3.3906543320486295,-2.6004454343946204,-1.6210177047994994,-0.3069399256005328,1.3298236583535477,1.6322410747231668,-0.7733509119904017
233,8.65470929221265,2.9684521970624864,1.0756810535206123,0.777876893173961,-2.2309516177593056,-2.8124763327468685,2.143057876128294,1.819121123237894,0.9611947150997018,-0.7157084780827148,-0.10525926264256685
234,9.253747966185353,1.6631510767554598,2.3058244142499245,1.6174841476634023,-1.8170092380980778,-3.2013144146191608,1.9546282615903499,1.103018159387279,0.13197580499621098,-0.0244832806925359,-0.6361283122574088
235,11.881783598018284,2.731924837807542,2.6082894588373864,-0.4204372367532392,-1.5562956580738982,-2.402849910473113,1.733942824404272,0.6421086606509209,-0.8855904234538181,-0.24112959927949482,-1.1336810554819494
236,12.400575711232957,1.4968966230054268,2.5322833722897147,-0.2553983514886914,-2.096482252942252,-1.0946000548065897,0.7631222040840984,0.9665319651502168,-0.59268687622289,0.42728191891923883,-2.222186331874405
237,12.240596996960376,1.2293845611396614,2.4500428051906775,-1.5966327967505345,-4.0381643536285345,-2.8069608789470957,-1.795866363697756,-0.5545559223362306,-0.32749511578665613,1.9062904884990484,-5.077209199580748
238,12.761484629491703,1.162471920757944,0.0589842962271921,-0.8309468052115071,-2.276381032753451,-0.8887630791896914,-0.48619446304841113,0.24208623834397688,-1.053164420142575,0.7277871488492977,-2.5216927237297693
239,11.03551660873753,-3.026714609939885,-1.6178093075282738,2.8148873236621217,-1.2154861580901057,-0.2762160166934546,1.25106385218969,2.238507666454474,0.1695150410104495,-0.840367062667866,-0.8988895718674285
240,8.886176817925653,-1.4434099041299804,-0.11126971516926105,3.211377452217027,-2.615232221295596,-2.0035910307779052,1.9096536067736727,0.15809546881280195,0.38811374935853465,0.061544356122066636,-0.28394972121873174
241,9.942755741092908,1.5055916621262455,0.09212506060979253,0.1535276883212835,-3.3032599278548056,-1.2459979997714734,1.775697531647309,-0.265119241278397,-0.31213247336962874,-0.18851594312810419,-0.9962825300103338
242,10.95027131451935,-0.48392823446885763,-1.3468767509765114,-0.3709238447196977,-1.6377491376512279,-1.0716114279146838,2.381789762821743,2.025378613063105,2.105728278434511,-1.1069041318125563,-0.4290502649705069
243,8.664553194492276,-2.0526417318818506,0.5257248648941766,0.9606578370045609,-0.9684760557907613,-1.3551488450724976,0.6421288178927378,-1.311319071190139,0.8155412619342732,0.5920551973057554,-0.18833715202569565
244,6.8669359812858115,0.39780132801149054,4.444487758872122,0.9445206222467407,-0.9206015460896405,-3.0985782817368945,0.1518926353841247,-0.4195968742544021,0.4704152605140641,0.7772124935189852,0.8882633868334148
245,5.5503355449675125,1.6826860703756483,-3.152119500081738,2.338107698595316,-0.014163445661874094,1.8042174998618208,1.2937603973559904,-0.14700633216443307,-1.8691418478949293,-0.3217888563854275,0.3555290669640046
246,6.227945905905649,0.46462791261906483,-5.705317913544942,0.868877100801451,0.7141367570705216,0.5963633262596266,2.898502530364234,-0.3526150151745037,-0.7047668903003483,-3.2202261082677035,-1.1596617565641814
247,4.556736779778187,0.23936556918474383,0.5898212226215253,2.059253804620485,-0.14774843570318658,-1.642448706022318,0.045882467555090865,-2.5477797954019543,1.213805529936369,0.26394474857681244,0.5522295704299965
248,3.0852744627591075,-0.4479648248553274,2.2997323200358895,2.7575684455092553,-0.8376605886434881,-1.5172752318784453,0.7310687786028631,2.4008295690441446,1.0900119252332519,-0.1732858629244707,0.8453116179334762
249,2.893665312965983,-2.1761974895179517,2.9893373626503372,3.865608456248299,-1.215375428188502,-1.406602089027968,2.2626190278991998,0.23373020845272943,-1.2392061703421575,-0.8259274455709584,-0.10945894617889086
250,1.7077591727008492,-1.7983722183169049,5.04258723639235,3.2441227182789896,-2.117065045409948,-2.429974325933099,0.7173447526550385,-1.7430931220970625,1.9030094660206942,-0.008666013683048729,-1.0330747244470284
251,3.0780152471477344,-0.5188960614498814,2.3939754124531816,1.2055024946453061,-2.3301521848338975,0.19310309639881987,2.031169443241125,0.40803815713884106,-0.08135917340043335,-1.0334762956219132,1.2830387550560844
252,4.663821075356775,1.7722423222284818,0.20147159522854832,-0.49536663000887926,-2.1522468407274222,0.016617854407359876,2.0116995854648985,-0.3744744107180314,0.244988410782803,-1.4895934862649225,-0.46709362824411205
253,3.47325283613498,-0.9164157401679192,-2.0641085737212825,3.5106861497496937,-1.2104346569082634,0.7474250149312804,1.3386524268267526,0.22375994811773195,-0.16098462543465794,-0.6419315800110419,0.02621330604708026
254,6.313773515864061,1.9601859237702113,-2.3213168366535846,2.7678093449138093,-0.9908858125505897,0.521465158237208,-0.17615838578152607,-0.1754015704326699,-0.43790849064706033,0.3872341053182751,-0.33494496118886363
255,6.4226730933712926,3.587162120273614,-2.2899677747665907,0.9151399494096203,-2.0288146458504692,-0.21396929139280854,-2.2635698483018802,-3.251802978135239,-0.6226281870672096,1.0974058837000493,-1.5673706065334405
256,6.201036967571524,4.095358370628429,-0.2593863821274974,-1.155075523354141,-4.60867859686434,-2.7074616238214877,-0.8974724990665566,-0.9670551286057155,1.0063452058067643,1.036000478123273,-1.9541450385841905
257,7.1516324400290685,3.3668427858794066,-2.485427296179778,-1.6925120228427752,-2.2189931207981983,-0.8954185786376628,-0.48576916162625317,-3.948419317399503,-1.5181397293584957,1.462470781107725,0.1545247424396918
258,4.954976968752617,-0.7223026809007849,-2.5892493493054793,2.605778423876909,-1.6688010341352988,2.658881493223651,-1.397035874888556,-3.5601339766963003,-2.7949264328496444,0.8530508335567011,0.6967895066639096
259,5.1220093665050435,0.7576634126302465,0.56024819989913,0.2867821874446291,0.11293956192196322,-1.5516485091928065,0.610172389420216,-2.4830365995187558,-0.6794524507604907,0.09222841317499099,0.6587321560661058
260,3.592183688379067,4.035747002434447,1.3741554365487376,-0.8761404804299551,0.2899955916687098,-0.6302957638740092,0.22424489250394003,-1.6375900765385276,-1.9211652213167227,-0.6802734235677711,-0.8514952091491105
261,3.3665183662359937,5.641014493696499,-0.7793351865843232,-0.3387564014711788,0.48822003244569295,-0.1105972884701772,0.9901070322943666,-0.8862282430702935,-1.214808937691823,-2.7347510737362994,-1.9790337723994706
262,3.7732241461772573,6.059263078629635,-1.5467274267399027,-2.7577592350772866,-0.6848678843849458,-0.7597382431827524,-0.5440297936779424,-1.4840962178638768,-0.6855485352710636,-1.0104646943767748,-2.605823497860517
263,6.616748220468724,5.419602939370576,-2.275531310081051,-5.6692509088641945,-1.4699794018387111,-2.7879273719156883,-1.5890322283499652,-1.3088305874445598,-1.684062368906792,1.8566845628506945,-1.7803710743088967
264,3.8642040034926146,-2.875339888590108,-0.26705287638937986,-1.0900659946680835,-1.5342036640430816,-0.44310039708692406,-2.5177144074525146,2.2838444733191525,0.2811503630058291,1.9933633638348456,-1.1184305254824636
265,0.9825272484335241,-3.857758503185073,1.7608609866008091,3.1056894815090845,-2.3537861463706067,-0.7881061636698907,-0.19866912316437,1.968499487944715,-1.854981145254632,0.42905254178987556,-0.5328254238459523
266,1.0810129430288278,-4.435581753266367,-1.627622535852686,2.2692527736940713,-1.0140991505717085,1.2861260712658853,-0.9388127436428869,2.431717078184914,-1.7698521887342251,-0.9012926242578447,-0.9922579940032012
267,0.5867977116003582,-5.078034988694745,0.11721314665187949,1.8458822496226088,-0.8224788626015429,-0.16831342633991775,-0.1796370816938577,1.7988223331988236,-3.128617057760973,-0.8712856906046638,-1.3565015068396729
268,1.0093769929859289,-4.996483637130298,-1.5701512376203417,3.699151578487976,-0.1876208179179662,0.42316288071275787,-1.4703606080590723,1.6371867314661674,-1.3692596893824913,-0.8587017617619951,-2.40479263279459
269,2.740132080346274,-3.745507334664389,-1.9287105826942201,2.2321954025416884,-0.20095634325764314,-2.1600064607401452,1.0241581919379006,2.1496398000341572,1.1472900739049625,-1.5247707410755071,-0.008909747309239649
270,1.6092821914116249,-4.786882087752116,-2.373477596079298,3.5612532782600064,0.055167945642855064,-2.627083971536545,1.6578753608428034,2.050002459181498,-0.7952043396683268,-0.04169708269620893,0.4639406640383559
271,2.2367898362301872,-6.1537294169382335,-4.794726060342489,1.4313408452363923,2.8656385420110166,-0.3697116372465137,-0.674483817822091,0.2611242015146199,-1.3435361993700001,-1.258217977358384,-0.7490606628651303
272,2.4273514061692585,-3.744887015129207,-3.312627151356483,1.342138126054989,0.6681813256651854,-0.39403789969123754,0.3257857795667235,-0.9221546911315098,-0.7214041958587788,0.11657413841962193,1.9455291752948662
273,1.6398769178521562,-6.227806145690997,-3.1401294424182575,0.9030458052680004,2.0851525430250946,1.1957609644914495,-2.2445461300183007,-2.155007234054267,-0.8530738503799408,-0.14535203797851112,-0.29272022530049824
274,-0.00916911004236054,-3.5504440887811013,3.744414456104742,1.3858097265155247,-0.5814322901391958,-3.889717040183066,1.8283753936841722,-2.844373680545564,0.9996281707296706,0.6583829453511351,0.18839851110915343
275,-2.130419693790298,-0.1624064412221514,0.702403467292008,1.9682034809057216,-1.1629143370417931,1.1821050456437248,1.4213305796702749,0.9096208787964859,-0.697554644297007,-0.9108773706211514,0.17423461532799134
276,-3.151631612641381,-3.195230055850374,-0.8912504287563334,2.0038568312502405,0.6069575737929208,1.201005918734767,-1.5164440014413185,0.15730664169385283,-1.3513243109009396,-1.2984491906858975,-1.5760453845588382
277,-1.9080192040128374,-1.5949218967243999,1.2378578670311295,2.6260963211203006,-0.6978757765793183,1.2413685944097743,-1.044110542613686,1.574333243128866,-1.3187136753447843,0.3077746466839722,0.8900154985572287
278,-3.129270591987882,-2.2613168937601174,-0.07272649638046937,3.2492384624622836,0.769533541527004,1.1533607525985796,-3.0909401218630252,-0.9022604319132912,-0.9650798965942795,-0.6107604618293974,-3.0081503001911307
279,-3.0164135260896225,-0.9145459532373184,0.3990130584870752,3.5541542844954392,-0.5672114655483399,1.3115817348446928,-1.7547275098519535,0.5634331248616847,-1.6439702758091097,-0.47526505725868007,-0.5085301902990602
280,-1.9228679466700251,-2.6960486803468466,-3.908712261011496,2.3957285136323963,-0.1038261849635167,-0.3593365655352841,-0.6401132466255363,-0.4070713118187348,-0.34037243524014305,-0.033865051256041404,-1.2943671097020035
281,-1.400286056041197,-4.731352879831641,-1.5667331636969686,2.522037845826638,0.5302725762136592,-2.9187359488219013,0.1259637055543079,-0.09766109815648052,0.4177188369548698,-0.1456978722877385,0.10751957324049408
282,-0.5061737226505524,-1.5272238328865482,-1.4987646569524917,0.6190350642514983,-0.5280669606079407,-2.617296698439376,0.8259591232174411,0.9908781608553668,-1.106234004218603,0.0785929409103753,0.1358696064433573
283,0.01763214954533799,-1.700279213959426,-6.581059337886516,1.4277860111496419,-0.14176273574508583,-0.5258058069643998,-0.09225099044403205,0.8806961710185972,-2.279156531715108,0.08258871767051205,0.703954119515141
284,1.6346169927697516,-1.8778441881760408,-5.9925687229612,0.34080398723030986,-2.194434056003755,0.16581633670042306,-0.06316284359550356,-0.798527272161677,-1.029697679243986,0.44566815921603675,1.0314235402021643
285,3.140737612165481,-2.1133459919669737,-5.247029221707383,0.5253595024968428,-0.6032154849476034,-0.27589742717651977,0.4012953108493877,-0.2594593846441626,-1.613926353775663,0.3590505841676618,0.9558316605851684
286,2.4024598046754035,-1.892151859216775,-4.72948814706173,-1.1413864973969619,-3.745105796258082,1.4332571191498473,0.03788736820573558,-0.7216955472390778,-0.8486494307442533,0.05087184551115793,0.6820236668993174
287,-0.2074505657081544,-4.569574263276476,-2.2433736147939642,1.5705686757733093,-2.510056420050609,0.028803010586909067,0.9159087627636084,-0.10064695758378388,1.7411864101181216,-1.053252186785224,-0.3645885165409696
288,-0.12091404782962305,-3.4207088992880634,-3.9752924586184086,0.7005416201710442,-0.3107979586963413,-0.12956179613698915,0.4557748339981047,-0.4926818946800708,1.1807883866784337,-1.3218467739426714,-0.13898133395942425
289,-0.7570507557438582,-3.013953160997712,-4.047881013467267,0.07534074542353981,-3.353980904803641,0.16617961126639877,-1.0926207854551002,-1.0878206288423595,0.4704681034226868,0.4122875212454061,0.582444224992178
290,-0.2560311056423782,-4.683520800196008,-2.5658417838129592,-0.6734584001021658,-1.7716395261500875,-1.5407635262419332,-2.2332912568795917,-0.05936315323144184,1.903970580998402,0.9417298732910017,0.013178921636771911
291,-1.6127472353631986,-5.634449077111856,-1.1671194326974268,-0.14080426080665542,-4.161174503363307,-0.7391738163724646,-1.8178012580212353,0.46494935581962504,3.032708288901189,0.6418807705684665,-1.5327844937544355
292,-2.339545606948472,-4.8556749834624515,-1.8506105215156556,0.7602247380033247,-3.9339820714062195,1.0762089938787796,-0.8606199801976335,-0.8947450323662364,3.248339596316889,-1.2370935269692052,-0.8424728095548946
293,-0.8482004172480412,-1.866730877764545,-2.087052502009286,3.384521431818073,-3.8787470466532525,-0.19830701718435367,-0.8804908205074802,0.6646071266659144,1.806494317163441,0.827924632595023,1.2721565681848255
294,-1.1233977643081825,-0.40828254054315355,-1.3634697736007693,1.6626089540900406,-5.877994423576204,-0.7736523900822765,-1.7239751988158047,-2.287726695959839,1.7517545302180746,1.1283011492946629,-0.23728056850433313
295,-0.7954592251462249,-1.554954059450258,-2.2216587491065476,-0.2071264615151994,-6.06312349926933,0.09398674387067267,-1.1763344563064604,-1.0621808775277912,0.11204578243118034,0.9089765646194067,0.956328379395777
296,-0.2695853908923326,-2.927616155416665,-2.7580748427951662,1.3332314307728703,-3.5178460013474453,-0.5836125785128238,-0.05984367867615725,1.8430602095069375,0.31522728615690226,0.6529924789381681,1.6493849362552602
297,0.5872195266355758,-1.0474411162008799,-3.3941217534876316,1.9154768959104997,-1.228867655547653,-1.3431722510692685,-0.521315232780322,0.02910789904861189,-0.7367386066462548,1.123551643367976,2.937813740948226
298,1.0284988127572174,-0.7031983231221549,-6.380687033510123,0.3328649114193163,-0.9042163122311926,-1.8603390660859491,0.36411583932189623,0.9393326742716401,-1.0579339733525104,0.9012106734736556,2.0508447468425963
299,-1.1527889578349466,0.6702071233233436,-2.7849395979362717,0.7002907070022293,-2.0913183292588147,-0.46189852157828304,-1.0621223663968737,-4.018063197167158,-0.4348490502214044,0.5665410349417392,0.9087957854637162
300,-3.254414050293105,0.8354799706395531,2.439718241527191,1.8971707173258017,-3.9982422104186326,-1.4584956380136758,-0.7629838365934118,-1.0608426155513253,0.14199438245566628,0.2632564094930064,0.6511326649679963
301,-4.181897740780468,1.5512220285532563,3.563063451742393,1.3221992455314338,-3.623738221050749,-1.758193131267213,-2.225229743669963,0.24493287665090344,-1.2712178738961084,0.5506014333448832,1.1685351513825866
302,-5.619069288317442,2.3609650717805652,2.092690924580824,0.6307430628346259,-3.95229977114387,-2.0213245924421464,-2.3680908499348066,0.8602994404001583,0.641849382660204,-0.3896237246373467,-1.1637226953039692
303,-5.1898542632069375,2.5439233960492103,1.373241573940269,-0.4392100546765728,-2.8678903566328198,-1.8275258869981923,-1.197411312343851,1.1522340174123364,-1.309329450790825,-1.5373501354087409,-0.9632189821211433
304,-6.352863890714576,-3.192792451872182,-2.5190440528027893,0.35589793394358166,-2.6273856738277974,0.5530915279781966,-2.261966702733814,0.1405423934459361,-1.0830682274816001,-0.49750630046221855,-1.4935483550164281
305,-4.696824940388746,-8.602302332094956,-1.4428567686443572,-2.6912259618144794,-0.8295070511761254,-1.0687723195531764,-1.5851164902526689,2.3606562414825976,-0.8463207945851758,0.3802977244214176,-0.8028134048401057
306,-4.647386005346516,-9.66064346100472,2.190452735807248,-2.669166013346789,-0.19940534228085635,0.2597411039656945,0.1418210041648207,-1.6543845759929845,-0.2961787466608687,-1.4536285572815661,-0.777909409881695
307,-3.942808126120663,-7.809524331544485,1.1446671457816149,-3.2992282258215377,-0.3764556910823624,1.0252870314613025,0.07439804004821804,-2.4721883560294633,-1.807318346121769,-1.8065888780214767,-0.15645290271799317
308,-5.667377653904979,-6.596108183663276,3.0316059629499383,-1.0875879806737092,-2.563447665407804,1.3605641767379928,-0.31606822945396484,-1.7238048661693723,-1.4957792236012557,-0.8358637143002755,0.43493333916461385
309,-5.70753181261353,-4.221456226767837,1.911153294697497,-0.428554408742159,-1.9965542435824999,1.3583148898631554,-0.1898571962887192,-0.7281005792094464,-2.024089315073453,-0.5919186028837623,0.7913626152540512
310,-6.102422369645965,-3.4073672307764116,-0.5568326302135673,-2.378801696316371,-0.9266334984911949,0.12382118899598282,-0.2800495142593089,-1.0135250851993756,-0.8360122874576109,-1.443196294402896,-0.42006078926207047
311,-6.657543933079975,-1.9988221520347946,3.6926932875819194,-1.3468362037429635,-3.1125095166848027,-1.4431141238307215,2.1118609488401607,-0.19563417396814836,0.8741606399385644,-1.9524482997834463,1.3970893957714892
312,-7.431492134303673,-2.829938316896987,0.887752415707037,-1.0571325522838624,-2.685947157412377,-0.17414612670532736,-0.14584374071073503,-0.004957684218990296,0.569302369757129,-1.1456933947803623,2.673688587669003
313,-6.81702422818908,1.810574927842843,1.9526274277402882,-1.9474030993872216,-3.7589565123039503,-1.161242323605796,1.854816950985518,-1.3457581604695517,-1.3695710382392012,-2.282037705085634,0.8855641435283579
314,-8.949807922339971,-2.6909828171158257,-0.014578757048518362,-0.47283554685250667,-1.2877402691004411,-1.0363671830824288,-0.8390778018168449,0.492973582533051,0.5415742949197593,-0.6875144905502925,-0.5073535501274141
315,-7.361835876054227,-3.8637672382513473,1.278516601172448,-0.9250002256525912,-0.27965257427207135,-2.254430480853942,1.7019440280677356,0.2627593415260568,-0.5816436837624485,-1.3148215686704692,0.7403066757610073
316,-7.377697220828619,-5.266451381588637,1.245314947152148,-0.987078873829302,-1.905410363656364,-0.4162531282963451,0.7174726155215418,0.4178665729028734,-1.5319202546213881,-1.8393126277198129,0.7529613919896486
317,-7.686293478446538,-2.50221771948806,-0.1451087969554231,-2.6711036327134616,-2.371026363911151,1.5681376763036001,1.4528403799103644,0.12649874816322626,-0.6291872778620516,-1.3589136622743028,0.6060770864812264
318,-8.417215874871683,-4.007874766870641,2.5849358729188605,-1.0574895064615468,-3.028888089750494,2.0568295824765634,0.6379008103041969,1.2698593698829486,0.891230318706449,-2.2797958365376854,0.09149179779099799
319,-6.940391776789387,-2.197215995119262,2.0137835196545404,0.5409644383509059,-2.927522288567407,0.25191671517176806,2.6970830911799273,0.6018038735499068,1.3159821540654772,-2.5134621705874687,2.0594752424337504
320,-8.047139402811123,-3.1139890652180218,2.933432426058488,0.05179604493877292,-3.7982957542312743,0.23807669816959628,-1.307011075288927,-1.4953381714044292,2.5242546552077054,-1.5585071772952963,-1.249263642343118
321,-6.852256298271852,-3.7328912360060835,-0.46166997982222147,1.3614347757194225,-0.02376656493863731,0.6874185602827129,0.4395789977876566,-1.9506111811520581,3.519952783413828,-4.231373978203843,-3.1004630673041325
322,-7.7358577068581775,-0.20352646746458097,1.0491167618111186,1.2677438338539317,-3.9601879256305916,-0.10022051635276492,0.5329137695668394,0.6478936105442682,2.51379134457156,-1.9540725153252765,0.51039379191543
323,-7.324171875571676,0.8953318423278991,3.346476255350148,-1.1135049597762094,-5.673272299040484,-1.813008525591452,-0.11118271900662598,-0.8229790095866042,-0.3705256013816587,-0.9768526509219477,0.9055019231963831
324,-8.016724178363082,-2.7117164433256304,1.3764013692168582,-0.9448424397083184,-5.098882605875386,0.2703337876840094,-0.3079543123769899,1.0903123587039893,0.9869125375482495,-1.703663476996899,1.4451470783805471
325,-6.889315117655495,-3.426493513375066,0.3453474808301078,-3.057321873990915,-4.220849534883357,-0.2986678892889843,-0.3313743825892372,1.7648308373075905,0.1305785180215119,-0.17982182182033674,0.14583748727945645
326,-7.477058174024884,-4.482723553474269,1.0588096559453222,-1.8534748466028796,-3.697119252794678,2.255554110086999,0.44155303419445313,2.210595650828339,1.2290646125097093,-0.7968678687312871,-0.10849152479714284
327,-7.184226384627857,-1.6912895422301204,1.3794240490559786,0.5425018047384609,-4.400575117792265,1.262690904488163,1.2200889521370033,0.9421140055296692,-0.19617566368999048,-0.9762512461411039,0.6169804601714173
328,-6.558816085272563,-1.8901723276968878,-0.04115109480298674,-0.0030594711330217228,-4.905459909933537,-0.10778664282081278,0.02337526683511265,0.28379922187376244,-2.1637438719985864,-0.03522200770994356,0.7177601973810891
329,-6.5831838357217975,-4.585554207659507,-2.192533598386241,-1.0338055282547485,-3.6766508309079775,-0.6049560775944431,-0.767486273125202,1.0893509724248622,-2.220650667567363,0.4600424842244867,-0.15980579925514868
330,-6.279399074559668,-8.045402643215235,-1.3097710549646167,-2.5156776353005657,0.0743845704238538,-1.4775311575754664,0.015977421363309107,0.9307723276702212,-1.8102336956288534,-0.9274652645485331,-0.7230705917772909
331,-6.700208362760865,-8.409115018821737,-1.519776038109033,-1.769675029273006,1.0992880790070685,-1.6350455228555008,-0.29007974199726483,-0.5580767398674825,-1.5176397260605947,-0.7565293260074663,-0.14904552042629474
332,-7.0558935924879655,-0.8344811072489243,2.6949506981528866,-1.2482060864734354,-2.0472052519770996,-1.9868701536312545,-1.2849256045856774,-2.9324127724440054,-1.9048967502292333,0.23310781225265584,-0.043630720356818795
333,-8.231486092818836,4.238781251603368,0.7056899810079705,-2.0118448919533716,-3.9789801609518682,-0.6867734300061501,-1.1834407532461364,-2.2621518977852406,-1.6286653495233516,-0.664531784546887,-0.5096582062437075
334,-11.111915100413853,1.2387469895054182,0.5995872749537361,-0.6514160811473675,-4.8563490814807615,-0.9282044598175868,-2.2508727289366446,-0.27377853388122825,1.1557199660331903,0.7918722064122901,-1.9692327493186852
335,-10.116837998019115,2.3507809917660847,3.8056993458944506,1.3763817375819665,-1.6420618645511031,-0.17560384499033696,-0.11883202704261396,-1.7479838169101873,-0.5535845266432957,-1.1633586472121644,-1.2868575143783008
336,-8.980241143263516,5.666575815446675,-2.6209836293239186,-0.07820482388078394,-2.61787630196673,1.1944850925445087,0.5470058108650321,-1.4320783409153721,-0.16863399462687964,-2.349840080872658,-1.1816012050729192
337,-8.609698584289903,5.773898287255483,-1.7339602795726747,-2.691391472418709,-4.224597741982098,-1.0630740808344097,1.3114606159555222,-2.8257332933330925,-0.6845693902354193,-2.2555967635232936,-1.6414393194492596
338,-8.960036754029424,3.3791937943318047,-2.687998546459347,0.32840598150893463,-2.157069943446263,0.013999051479704603,1.1173701691507882,-2.126370991536596,-1.0956845837962896,-1.3083748872897494,1.8140361008214587
339,-8.850219860355034,-0.5096898966076634,-5.757769391187311,0.31832141323045654,1.1163075837126273,-1.4635878965024647,-0.434765953784276,-1.405076688690347,-2.1554889067045337,-0.824131654289435,0.27230445641627843
340,-6.776807397084773,-0.7401574934261796,-3.1117225229465317,1.8606127227235496,0.292629729556025,-0.5750746400385306,-1.5557725984480226,0.04297409063135522,-2.2265023092472287,0.954712139451552,0.6051863704754771
341,-7.333598765507626,-2.796635010951114,-5.652246500210433,-2.32279918594535,0.3269172140065755,-3.4752573139891205,-2.161463792073004,-0.24036613348167316,-1.3641684917598946,0.8258877165550209,-0.17038582484101708
342,-7.325476615983867,-3.445564335538754,-0.738204780428641,-1.2693445461129151,1.6789753970867844,-3.6430401614105854,-0.7860691348132876,-2.404804160599497,-1.078775979759757,0.12250815545712498,-0.6727445817116819
343,-9.185652584474596,2.620234066588655,-0.8617870950165142,-0.7200580034831792,-0.5792915823324082,-1.3750509007941112,-0.9952692186557912,1.6212935721877795,-0.3203751039226128,-0.5197169344402329,1.1749520741434496
344,-9.558618498335823,-0.387748982679671,-3.1756545868393604,-0.576874092542696,0.1663024055190755,0.8373273140692331,-1.4851580408726688,-2.2249023053065975,-0.5225856214458414,-0.9418340790086343,-1.5244131158741119
345,-10.06898362392441,-3.9501031542830707,-0.3972727633949956,-4.3201548683280135,-1.3116854590497369,-1.397990541551747,-0.20795217873599592,1.2360836383409137,-2.5895462021053213,-1.175440936156031,0.6250114639339562
346,-10.062027789968207,-8.689136233886535,-0.11950794006769463,-4.291128858939378,1.9744082558474263,-0.6734360237303992,0.7851344279748171,-0.8162544719639685,-2.0435944499796466,-1.4718152631543315,-2.1532467987186026
347,-8.055214691574422,-5.7292114297503485,-2.0110119923797005,-3.547217541050183,2.0742001325923023,-1.8787081740403584,0.4055494315974981,0.22432390911394123,-1.9779573293441024,-0.9860476214846319,-0.07303897633958537
348,-7.043099213632242,-3.659791242597614,-3.152311462386565,-3.4817972645117194,-0.6589697360372296,-2.7695834236464636,-1.208052194035626,0.8897769486381415,-0.7908559518394738,-0.10868506904508224,-0.6145533345659134
349,-7.593954920469788,-3.4193498249179677,-1.6018389196610072,-0.5689298414031875,-2.9811045847622824,0.4033862384448194,0.24434719847797293,0.3278159588353841,0.015535734903435235,0.11301130326562246,-0.22985059830435683
350,-5.926943790121301,-4.358075349943259,-2.0948610588499004,-1.0420649653367897,-1.894467295366195,-1.130426235229334,-0.7977327255284429,1.1270419774424703,0.9391334769843952,0.8246942798737964,-0.2966825837255273
351,-5.869269601888268,-0.34646061884263213,-1.4378754873544508,-0.24557316471863583,-3.458813337157102,-1.74395701124556,-1.008634104067083,-0.015564291907316308,-0.3080536479487142,1.0733868232680082,1.7221634729441033
352,-5.913484890342642,-2.6891978523021063,-1.824780620854326,-3.688504262907551,-4.966316805346885,-2.0002155127669843,-2.7725903044767963,4.443863499566682,0.13873353758059756,1.501213901177985,-1.742370865248125
353,-6.146613730701188,-7.802619874103211,-1.3686274298959795,-5.050563808960657,-1.7060219709304263,-0.15999886438301975,-1.4438616331788106,2.080391694947856,1.3137099665207415,0.6140914050016355,-1.0019781372337624
354,-7.04962340240288,-9.000533462328312,1.4826982086452203,-4.257674224674404,-1.3012990819664532,-0.9056164847181621,1.5402153794776305,0.13776118632307247,-1.0584981281349342,-0.8851960827118049,0.6855233397007303
355,-7.938142240032107,-9.731298731678521,1.7996916277452069,-2.6456632977619425,1.5960165375078796,-1.1290099977611037,0.14360045423268047,-1.8270037501545564,-2.400333181012497,-2.003632579027261,-1.9645625487499399
356,-7.531478524609398,-3.7636530598081595,1.1718075563267603,0.50462695770892,0.5546065159511097,-1.7242999657361202,0.035452391353625434,0.4310194557964197,-1.7166723505812749,-1.2627446494219075,-1.0389399491376934
357,-7.518818262386086,-2.6136441303673554,-1.4012804189735528,1.7081254879232215,0.3053153182355577,-2.091657372518433,-1.2262792879592403,0.10194282982064849,-0.9695414822636103,-0.8181884539169014,-2.0005415522835603
358,-7.799520901010164,0.5459405087546505,0.7037510570201463,3.110094315859738,-0.7422701744860754,-1.604943862270649,-1.1152202661705939,-1.2693119913673019,-0.6613866514145582,-0.5165070202410255,-2.0834583388150607
359,-8.625857461259605,1.8779935279253748,-1.584642756954956,2.966142019826593,-2.326062912852829,0.7946764404299502,-1.2542019105913433,-0.08915419067622449,-1.6256618616732872,-0.8489006738609691,-0.4236379201996628
360,-8.829523562175295,2.9335430471865167,1.1880342903068017,3.975646094454822,-2.837513690993901,-0.6539009544545423,-2.038980682434435,1.1085619563966485,-1.2165183173851148,-0.386722361134344,-0.7646980730376539
361,-9.594698098706584,6.460103967150411,-0.927244026154675,4.122787728070118,-2.3768302013801805,1.1872632215457508,0.17861303955096944,1.4324164415528344,0.20321047399412281,-2.522474751505538,-0.8460501925854579
362,-9.384624093722255,7.571176679777995,-3.5406033925626397,3.419014289772379,-1.5391921584966497,1.0626514501833395,-0.02509745298885841,0.29005621894066747,0.3900567435786275,-2.127004762566849,-0.841676106962417
363,-7.1367485112160365,8.646253203617993,-3.0122473697838146,-0.5628827614329353,-0.7154166095294073,-2.5704904334347733,-0.6139481546030059,0.5244244720356123,0.13295891419856898,-1.1171741090474647,-0.33919583171463485
364,-8.565649713207806,5.829844878367449,-1.6482421052423604,3.34861289094376,-2.765116642071836,0.7023950375520182,-1.4243095422280962,-0.6376517493546359,-0.3217772782086912,-0.6179674036024402,0.48651471096686927
